"country","Year","Population","Yearly_Change_Pct","Median_Age","Fertility_Rate","Density","Urban_Pop_Pct","Urban_Population","Global_Rank","GDP_growth","CO2_total_tons","CO2_per_capita","CO2_change_pct","World_CO2_share","Energy_Per_Capita_kWh"
"India",2024,1450935791,0.89,28.4,1.96,488,36.6,530387142,1,6.49476552383821,3153829130,2.19,4.62,7.96,7812.9277
"India",2023,1438069596,0.89,28.1,1.98,484,36,518239122,1,9.19075493028345,3014522625,2.12,7.39,7.71,7529.4404
"India",2022,1425423212,0.81,27.7,1.99,479,35.5,506304869,1,7.60936497768895,2807080475,1.99,8.05,7.28,7057.1865
"India",2020,1402617695,1.1,27,2.05,472,34.4,483098640,2,-5.77772470686801,2356958991,1.7,-7.62,6.51,6268.4365
"India",2015,1328024498,1.32,25.3,2.29,447,32.3,429069459,2,7.99625378571471,2278229605,1.74,1.81,6.28,5943.0303
"India",2010,1243481564,1.49,23.6,2.6,418,30.6,380744554,2,8.49758470221235,1730054152,1.41,6.72,5.09,5024.5137
"India",2005,1154676322,1.77,22.2,2.96,388,29,334479406,2,7.92343062148318,1217727272,1.06,4.25,4.06,3991.0898
"India",2000,1057922733,1.96,21.2,3.35,356,27.5,291350282,2,3.84099115659129,996890915,0.95,3.67,3.88,3521.4302
"India",1995,960301044,2.11,20.3,3.65,323,26.6,255558824,2,7.57449183788519,796445176,0.83,7.07,3.36,3085.6135
"India",1990,864972221,2.28,19.7,4.04,291,25.7,222296728,2,5.53345456125301,600681182,0.69,5.36,2.65,2659.8555
"India",1985,772647793,2.37,19.3,4.43,260,24.6,190321782,2,5.25429922311382,431406262,0.55,4.49,2.14,2050.433
"India",1980,687354025,2.37,18.9,4.78,231,23.4,160941941,2,6.7358215288198,303571553,0.44,5.32,1.54,1772.884
"India",1975,611309535,2.29,18.4,5.2,206,21.7,132533810,2,9.14991201570659,251149006,0.4,6.48,1.45,1590.0476
"India",1970,545864268,2.18,18.1,5.62,184,20,109388950,2,5.15722973718955,212796111,0.38,0,1.35,1399.1405
"China",2024,1419321278,1.13,39.6,1.01,151,66.4,941865672,2,4.9773565917572,13124727993,9.13,0.79,33.12,34514.457
"China",2023,1422584933,1.13,39.1,1,152,65.1,926375811,2,5.41484330099675,13021241979,9.08,4.01,33.29,33089.07
"China",2022,1425179569,1.13,38.5,1.03,152,63.9,910080750,2,3.1341888719577,12518684441,8.74,-0.26,32.48,31235.707
"China",2020,1426106093,0.43,37.5,1.24,152,61.4,875075919,1,2.34018843078414,11964128536,8.4,1.28,33.04,29095.936
"China",2015,1396134174,0.65,35.7,1.67,149,55.5,775352918,1,6.97878002657477,10749896615,7.69,-1.21,29.62,25166.627
"China",2010,1351561514,0.63,34.1,1.69,144,49.5,669353557,1,10.5962719761682,9106005111,6.7,9.46,26.81,21497.809
"China",2005,1310027136,0.63,31.8,1.62,140,42.9,561983323,1,11.458238455067,6235685203,4.72,13.45,20.77,16050.9375
"China",2000,1269581175,0.8,29,1.63,135,36.3,460377048,1,8.58643201808462,3647877288,2.84,5.8,14.2,9294.628
"China",1995,1220133927,1.13,26.1,1.59,130,31.5,383901711,1,11.0328121562746,3365775036,2.71,10.46,14.21,8484.854
"China",1990,1153582724,1.71,23.7,2.51,123,26.9,310022147,1,3.9416305983694,2414276240,2.06,1.78,10.65,6881.387
"China",1985,1059807820,1.51,21.7,2.63,113,23.1,244946241,1,13.435474366529,1878471978,1.75,1.07,9.31,5803.289
"China",1980,983163542,1.42,20.9,2.74,105,19.6,192392094,1,7.83414501593799,1564736772,1.57,-2.14,7.91,4910.204
"China",1975,916116793,2.16,19.1,3.57,98,17.5,160244444,1,8.71999999747992,1184119403,1.29,14.66,6.83,4017.4368
"China",1970,823308967,2.62,18,6.08,88,17.4,143513192,1,19.2999999967022,911501251,1.11,0,5.79,2868.5447
"Indonesia",2024,283487931,0.82,30.1,2.12,156,59,167176839,4,5.03034469419038,812204159,2.88,5.13,2.05,10528.601
"Indonesia",2023,281190067,0.85,29.8,2.13,155,58.3,163963233,4,5.04902331835997,772561788,2.76,6.9,1.98,9904.8125
"Indonesia",2022,278830529,0.73,29.6,2.15,154,57.6,160724456,4,5.30719722664799,722699577,2.61,16.06,1.87,9859.904
"Indonesia",2020,274814866,0.98,29.1,2.19,152,56.1,154188546,4,-2.06551182934165,596283931,2.19,-6.48,1.65,7700.8584
"Indonesia",2015,261799249,1.23,27.9,2.35,145,52.6,137634761,4,4.87632230022123,512397260,1.98,1.45,1.41,7243.9517
"Indonesia",2010,246305322,1.3,26.6,2.46,136,49.1,121052980,4,6.22385418062366,443682042,1.83,7.86,1.31,7062.3306
"Indonesia",2005,230871650,1.33,25.2,2.45,127,45.1,104155654,4,5.69257130383384,362597047,1.6,0.68,1.21,6137.1416
"Indonesia",2000,216077790,1.57,23.6,2.5,119,41.1,88851487,4,4.9200677470169,299070244,1.41,1.29,1.16,5387.869
"Indonesia",1995,199888057,1.73,22.1,2.81,110,35.5,71053577,4,8.22000739903493,239098977,1.21,12.39,1.01,4353.857
"Indonesia",1990,183501098,1.93,20.6,3.11,101,30.2,55491343,4,7.24213163856464,161768699,0.89,20.29,0.71,3270.7102
"Indonesia",1985,166776185,2.29,19.3,3.73,92,25.8,43049412,4,2.46214356422551,106038321,0.64,8.6,0.53,2476.2805
"Indonesia",1980,148950540,2.47,18.4,4.5,82,21.9,32601807,4,9.88007752166418,90599422,0.61,-0.35,0.46,2051.7617
"Indonesia",1975,131843848,2.65,17.8,5.03,73,19.2,25252096,5,4.97730086669512,48794745,0.37,3.91,0.28,1212.9828
"Indonesia",1970,115657495,2.67,17.9,5.49,64,17,19603959,5,7.55463451394223,31123671,0.27,0,0.2,924.7636
"Pakistan",2024,251269164,1.52,20.4,3.55,326,34.1,85615064,5,3.04898287335465,203988261,0.91,-2.35,0.51,3535.5425
"Pakistan",2023,247504495,1.56,20.3,3.6,321,33.7,83500516,5,-0.414935997088406,208889513,0.95,-11.25,0.53,3653.4338
"Pakistan",2022,243700667,1.83,20.1,3.66,316,33.4,81432849,5,4.7781068690358,235372548,1.09,2.72,0.61,4017.639
"Pakistan",2020,235001746,1.58,19.8,3.77,305,33,77437729,5,-1.27408744338709,222599688,1.07,11.95,0.61,4083.671
"Pakistan",2015,217290883,1.75,19.2,3.99,282,31.4,68226783,5,4.21794209572506,178284145,0.94,5.37,0.49,3816.5994
"Pakistan",2010,199239047,2.58,18.8,4.4,258,30,59691513,5,1.50171752152883,155656618,0.91,-2.76,0.46,3761.6614
"Pakistan",2005,175453212,2.53,17.8,4.59,228,29.8,52301807,6,7.2765744364722,133920954,0.87,1.89,0.45,3655.326
"Pakistan",2000,154879127,2.85,17,5.35,201,29.5,45687389,6,4.2600880111325,111889856,0.81,2.11,0.44,3123.4314
"Pakistan",1995,134582253,2.99,16.6,5.89,175,29.1,39104110,7,4.96260914623281,91874569,0.75,7.35,0.39,3051.5132
"Pakistan",1990,116155576,3.41,16.9,6.36,151,28.3,32923693,8,4.45858681510218,65640462,0.61,3.43,0.29,2630.0754
"Pakistan",1985,98229285,3.6,17.1,6.58,127,27.5,27060895,9,7.59211469875896,43938367,0.48,10.21,0.22,2220.9646
"Pakistan",1980,82291010,3.45,17.1,6.73,107,26.6,21910455,9,10.2157040372755,29032587,0.37,7.06,0.15,1880.5052
"Pakistan",1975,69461175,2.91,16.8,6.81,90,25.3,17592808,10,4.21141563146435,23578161,0.35,10.79,0.14,1566.0468
"Pakistan",1970,60166719,2.88,17.1,6.8,78,24,14416426,10,11.3534617181927,17857388,0.31,0,0.11,1711.1044
"Bangladesh",2024,173562364,1.22,25.7,2.14,1333,42,72825128,8,4.22325911250161,124190733,0.7,4.37,0.31,3048.3135
"Bangladesh",2023,171466990,1.23,25.3,2.16,1317,41.3,70806614,8,5.77511237007889,118989102,0.68,-1.55,0.3,2954.8494
"Bangladesh",2022,169384897,0.92,25,2.18,1301,40.6,68791790,8,7.09982877575158,120865651,0.7,2.63,0.31,3023.7288
"Bangladesh",2020,166298024,0.85,24.6,2.17,1278,39,64814953,8,3.44801755122445,104122878,0.61,-4.76,0.29,2750.7673
"Bangladesh",2015,159383179,0.93,23.5,2.23,1224,34.7,55305132,8,6.55263987816197,85445164,0.53,11.47,0.24,2416.2007
"Bangladesh",2010,152201981,1.01,21.9,2.38,1169,30.5,46347089,8,5.57178818533122,60769338,0.4,10.23,0.18,1649.6134
"Bangladesh",2005,144715786,1.47,20.7,2.85,1112,26.6,38452976,8,6.53594493875502,40383438,0.28,6.52,0.13,1314.6259
"Bangladesh",2000,134544304,1.88,19.7,3.28,1034,23.1,31040651,8,5.29329471892532,26977332,0.21,3.24,0.1,1012.7131
"Bangladesh",1995,122600370,1.89,18.4,3.59,942,21,25751454,9,5.12127789724337,21778905,0.18,20.99,0.092,873.6403
"Bangladesh",1990,111633717,2.17,17.4,4.51,858,18.8,21037450,9,5.62225816160344,14767005,0.14,4.88,0.065,661.5958
"Bangladesh",1985,100253825,2.64,16.7,5.54,770,16.3,16305971,8,3.34201465416713,9796884,0.11,11.68,0.049,481.51883
"Bangladesh",1980,88016432,2.48,16.5,6.33,676,13.7,12099053,8,0.819141868916631,7718507,0.09,11.71,0.039,394.81696
"Bangladesh",1975,77854351,2.43,16.3,6.73,598,9,7013461,9,-4.08821409181246,5173842,0.07,19.87,0.03,273.98737
"Bangladesh",1970,69058894,2.89,16.8,6.84,531,7.2,4938975,9,5.61985229282153,3339285,0.05,0,0.021,231.2733118
"Japan",2024,123753041,0.41,49.4,1.22,339,92.9,114979260,12,0.104309021773304,972266973,7.79,-3.01,2.45,38745.04
"Japan",2023,124370947,0.41,49,1.21,341,92.7,115292289,12,1.47503481053384,1002438194,8,-4.58,2.56,39064.832
"Japan",2022,124997578,0.41,48.5,1.26,343,92.5,115583843,12,0.941998775483285,1050503237,8.36,-2.75,2.73,39974.945
"Japan",2020,126304543,0.41,47.7,1.3,346,91.9,116099672,11,-4.16876457146743,1060226923,8.38,-5.66,2.93,38203.22
"Japan",2015,127275872,0.41,45.8,1.42,349,91.9,116944428,10,1.56062669680782,1232576224,9.63,-3.22,3.4,42138.867
"Japan",2010,128185275,0.04,44.2,1.36,352,91.1,116741034,10,4.09791791943181,1217064064,9.47,5.15,3.58,46675.945
"Japan",2005,127913330,0.14,42.6,1.25,351,86.3,110340709,10,1.80390087215821,1278684938,9.96,0.92,4.26,49673.758
"Japan",2000,127027789,0.21,40.8,1.35,348,79,100303716,9,2.76464755136783,1243576760,9.75,1.5,4.84,49227.996
"Japan",1995,125672665,0.37,39,1.41,345,78.5,98593178,8,2.6309996164206,1233224288,9.76,0.81,5.21,47042.098
"Japan",1990,123399765,0.42,36.9,1.51,338,78,96298507,7,4.84092905699353,1162286255,9.33,6.59,5.13,42012.113
"Japan",1985,120832163,0.41,34.5,1.74,331,77.4,93507944,7,5.15980790450274,983433866,8.07,-2.73,4.87,37085.23
"Japan",1980,118358756,0.87,31.7,1.74,325,75.8,89755553,7,2.81759120759222,1003120524,8.51,-2.62,5.07,36318.035
"Japan",1975,113321196,1.21,29.7,1.92,311,75.1,85121987,6,3.09157591647113,948659678,8.44,-5.43,5.47,36445.727
"Japan",1970,106712368,1.12,28.3,2.04,293,70.7,75417163,6,0.399050644662367,848731965,8.09,0,5.39,32037.387
"Philippines",2024,115843670,0.83,25.7,1.89,389,48.7,56434179,14,5.69201612823412,174114309,1.5,7.18,0.44,5633.132
"Philippines",2023,114891199,0.81,25.3,1.92,385,48.1,55287662,13,5.51894967862863,162452724,1.42,7.09,0.42,5298.6777
"Philippines",2022,113964338,0.84,24.9,1.93,382,47.5,54167314,13,7.58098212785563,151700407,1.34,4.18,0.39,5010.1567
"Philippines",2020,112081264,1.25,24.1,2.08,376,46.4,52008603,13,-9.51829474045297,136384481,1.24,-7.8,0.38,4583.8
"Philippines",2015,105312992,1.8,22.2,2.83,353,44.7,47078199,12,6.34830971672761,113187423,1.11,8.82,0.31,4220.2964
"Philippines",2010,96337125,1.82,20.9,3.31,323,44.1,42487934,12,7.33449996034538,84968782,0.91,8.04,0.25,3539.9746
"Philippines",2005,88015962,2.02,19.9,3.45,295,44.8,39435905,12,4.94250511877678,78884269,0.91,4.22,0.26,3628.2205
"Philippines",2000,79625397,2.45,19,3.75,267,45.2,35981065,13,4.38250500083399,74264353,0.95,0.37,0.29,3864.5144
"Philippines",1995,70546246,2.34,18.2,4.07,237,46.1,32515486,14,4.62522511739661,65346797,0.94,20.5,0.28,3663.7114
"Philippines",1990,62854666,2.63,17.8,4.32,211,46.3,29106432,14,3.08267252855887,42704151,0.69,6.95,0.19,2982.894
"Philippines",1985,55213006,2.82,17.2,4.66,185,41.6,22943780,17,-6.85837720864683,32093837,0.59,-0.75,0.16,2453.5876
"Philippines",1980,48043740,2.67,16.2,5.11,161,37,17752900,18,5.20071107911187,35685133,0.75,-9.91,0.18,3087.6423
"Philippines",1975,42120826,2.28,15.2,5.6,141,34.9,14684347,18,5.45110286965478,32911275,0.8,9.71,0.19,2943.6262
"Philippines",1970,37622204,2.89,14.6,6.22,126,31.4,11807882,18,3.69248748654796,26610943,0.74,0,0.17,2563.2295
"Vietnam",2024,100987686,0.63,32.9,1.9,326,40.6,40975863,16,7.09118746633975,430819227,4.23,10.26,1.09,14618.14
"Vietnam",2023,100352192,0.67,32.4,1.91,324,39.8,39908501,16,5.06502391455075,390725307,3.87,13.58,1,13711.071
"Vietnam",2022,99680655,0.81,31.9,1.93,321,39,38841525,16,8.53750046755788,343999861,3.43,2.33,0.89,12976.387
"Vietnam",2020,98079191,1.11,31,1.96,316,37.4,36727248,15,2.86541320912272,348331508,3.54,3.51,0.96,12527.92
"Vietnam",2015,92823254,1.2,29.2,2.1,299,34.1,31635369,15,6.98715430598611,200818305,2.15,12.23,0.55,8731.432
"Vietnam",2010,87455152,1.52,27.2,1.91,282,30.8,26910696,15,6.42324482239482,156783937,1.77,11.33,0.46,6177.169
"Vietnam",2005,81088313,1,24.8,1.89,262,28.4,23000555,15,7.54724772895918,100549488,1.19,9.38,0.33,4560.3525
"Vietnam",2000,77154011,1.38,22.7,2.03,249,25.4,19568590,14,6.78731640463151,56535616,0.7,10.63,0.22,2775.6035
"Vietnam",1995,72049940,1.92,20.6,2.7,232,23.1,16668571,13,9.54048017491264,34372143,0.46,15.03,0.15,1764.7858
"Vietnam",1990,65504552,2.09,19.5,3.6,211,21.1,13817423,13,5.10091813908369,20577764,0.3,1.22,0.091,1177.4452
"Vietnam",1985,59060622,2.39,18.9,4.21,190,20.2,11942117,13,3.80585566810947,19757785,0.32,0.82,0.098,1043.8547
"Vietnam",1980,52490101,2.46,18.4,4.79,169,19.9,10464982,16,6.78731640463151,16271213,0.3,4.44,0.082,1031.6199
"Vietnam",1975,46482903,2.31,17.6,5.62,150,19.7,9152476,17,6.78731640463151,18559330,0.38,17.62,0.11,1470.4475
"Vietnam",1970,41475230,2.24,17.2,6.02,134,19.2,7943534,17,6.78731640463151,17507290,0.4,0,0.11,2185.4846
"Iran",2024,91567738,1.06,33.4,1.68,56,73.1,66968458,17,3.66312056830718,828989585,9.62,1.58,2.09,39203.61
"Iran",2023,90608707,1.21,32.9,1.7,56,73,66139220,17,5.33235117216407,816133034,9.53,3.04,2.09,39688.28
"Iran",2022,89524246,1.02,32.3,1.7,55,72.9,65271669,17,4.35281087521344,792058914,9.32,0.99,2.05,38985.188
"Iran",2020,87723443,1.21,31.3,1.7,54,72.3,63420504,17,4.44180865358672,735870879,8.8,3.27,2.03,39001.836
"Iran",2015,82619362,1.31,28.7,2.02,51,70.5,58217032,16,-1.42488493937503,629490167,7.93,-1.11,1.73,33441.344
"Iran",2010,77420842,1.51,26.1,1.75,48,68,52664138,17,5.79793830169604,576749804,7.73,0.62,1.7,31753.627
"Iran",2005,71828455,1.58,23.2,1.76,44,66.2,47575374,17,3.18980408728824,468989865,6.66,7.82,1.56,27012.97
"Iran",2000,66418659,1.32,20.2,2,41,63.8,42352090,17,5.84552747578209,353939589,5.35,5.38,1.38,21026.74
"Iran",1995,62205567,1.28,17.5,2.85,38,58.7,36488609,16,2.40104455220023,283369353,4.68,2.1,1.2,17007.227
"Iran",1990,58380092,3.32,17.1,4.93,36,54.3,31672465,16,13.594926443584,208474887,3.71,16.69,0.92,13896.569
"Iran",1985,49582289,4.47,17.2,6.24,30,51,25278712,22,1.86764993250704,167240432,3.53,6.47,0.83,12987.326
"Iran",1980,39842324,3.34,17.2,6.63,24,48.2,19215536,22,-21.4258671472659,116399436,3.01,-14.6,0.59,10191.557
"Iran",1975,33802973,3.01,17,5.95,21,44.3,14973153,25,-0.326216240773292,124104891,3.79,1.97,0.72,9633.732
"Iran",1970,29145100,3.09,16.5,6.8,18,40.3,11751335,25,10.9276016296547,80403542,2.82,0,0.51,5697.0537
"Turkey",2024,87473805,0.23,33,1.62,114,76.4,66795292,18,3.3276230893799,460027460,5.36,3.04,1.16,23927.826
"Turkey",2023,87270501,0.24,32.5,1.63,113,75.8,66156581,18,5.04512369812289,446438558,5.23,0.46,1.14,22476.043
"Turkey",2022,87058473,0.56,32.1,1.63,113,75.2,65482895,18,5.44122511322401,444407664,5.23,-3.54,1.15,22617.557
"Turkey",2020,86091692,1.47,31.2,1.77,112,74.1,63803445,18,1.80306247087255,423090517,5.05,2.08,1.17,21161.5
"Turkey",2015,80014226,1.76,29.6,2.16,104,72,57616730,19,5.80557386628684,367843011,4.7,3.51,1.01,19859.234
"Turkey",2010,73346769,1.13,28.1,2.08,95,69.8,51225748,18,8.54219848467686,312172052,4.32,3.58,0.92,17085.506
"Turkey",2005,69329557,1.17,26,2.2,90,66.4,46065593,18,9.11157745861635,246089456,3.62,4.33,0.82,14367.83
"Turkey",2000,65425961,1.4,24,2.49,85,62.6,40942328,18,6.98528697817062,227056378,3.59,10.99,0.88,13198.735
"Turkey",1995,61024503,1.73,22.2,2.83,79,59.5,36333494,17,7.87826687618991,178375521,3.05,9.02,0.75,11636.42
"Turkey",1990,56015628,2.02,20.8,3.11,73,57,31923032,20,9.26614667149315,155164302,2.88,12.25,0.68,10020.523
"Turkey",1985,50687115,2.22,19.6,3.78,66,50.8,25769960,20,4.24133571639942,108021986,2.2,8.69,0.54,7617.1733
"Turkey",1980,45408815,2.04,18.8,4.45,59,42.4,19252765,20,-2.44735042580159,81826418,1.86,4.31,0.41,6573.5635
"Turkey",1975,41053126,2.3,18.1,5.09,53,39.8,16333819,19,7.17411268977115,70372620,1.79,8.17,0.41,5692.283
"Turkey",1970,36638465,2.52,17.5,5.78,48,36.4,13334557,19,3.23350897293227,45458887,1.3,0,0.29,4003.5212
"Thailand",2024,71668011,1.415,40.1,1.2,140,52.8,37838857,20,2.54182067735289,283809078,4.07,3.19,0.72,19825.014
"Thailand",2023,71702435,1.415,39.7,1.21,140,52.1,37322064,20,2.01775095328327,275034429,3.95,-3.26,0.7,19360.342
"Thailand",2022,71735329,0.07,39.2,1.22,140,51.3,36793252,20,2.58037874709827,284313992,4.09,5.86,0.74,19347.238
"Thailand",2020,71641484,0.31,38.2,1.26,140,49.8,35698325,20,-6.05003846851622,275633364,3.97,-3.78,0.76,19257.477
"Thailand",2015,70540795,0.57,35.8,1.45,138,46.4,32745680,20,3.13404724911635,281467708,4.1,3.28,0.78,19526.947
"Thailand",2010,68579447,0.76,33.5,1.56,134,43,29475114,19,7.51339053261624,246359562,3.67,6.18,0.73,17198.229
"Thailand",2005,66017420,0.94,31.2,1.64,129,37.1,24476532,19,4.18763842884337,229224815,3.5,3.65,0.76,15467.393
"Thailand",2000,63007815,1.29,29,1.73,123,31.4,19759915,19,4.45524704335014,174842762,2.78,0.17,0.68,11771.415
"Thailand",1995,59098232,1.54,26.2,1.89,116,30.5,18012031,18,8.12031534625378,163547981,2.75,13.25,0.69,10407.508
"Thailand",1990,54738329,1.72,23.2,2.06,107,30.4,16648721,21,11.1671634446293,95385433,1.69,23.35,0.42,6465.264
"Thailand",1985,50270753,1.95,20.9,2.45,98,29.1,14621264,21,4.64724035659331,48745506,0.94,9.02,0.24,3785.3376
"Thailand",1980,45650022,2.2,18.9,3.29,89,27.8,12695065,19,5.17354100571934,39202063,0.83,4.29,0.2,3184.2568
"Thailand",1975,40940005,2.63,17.3,4.36,80,24.6,10058137,20,4.97040522766497,25899698,0.61,2.4,0.15,2689.7239
"Thailand",1970,35954408,2.91,16.3,5.45,70,21.4,7704931,20,11.4079490662098,20164343,0.55,0,0.13,1871.079
"Myanmar",2023,54133798,0.7,29.5,2.12,83,33.3,18032802,27,0.958446625126115,31240967,0.56,0.68,0.08,2457.1128
"Myanmar",2022,53756787,0.7,29.3,2.13,82,32.9,17702521,27,4.0374934360085,31031014,0.56,-2.53,0.08,2488.8708
"Myanmar",2020,53016522,0.74,28.7,2.18,81,32.2,17068066,26,-9.04834717984643,34718611,0.63,0.95,0.096,2892.3472
"Myanmar",2015,51089056,0.83,27.4,2.27,78,30.6,15646537,26,6.99284029026121,19740617,0.38,11.26,0.054,1894.9663
"Myanmar",2010,49024382,0.66,25.8,2.33,75,29.6,14487449,25,9.6344394520444,8632424,0.17,10.83,0.025,1228.7148
"Myanmar",2005,47438365,0.93,24.2,2.52,73,28.6,13548744,27,13.5689500216456,11242180,0.23,5.75,0.037,1532.5985
"Myanmar",2000,45290841,1.23,22.9,2.81,69,27.5,12457527,27,13.7459305561226,10041980,0.22,8.62,0.039,978.6195
"Myanmar",1995,42605338,1.36,21.7,3.13,65,26.5,11295542,27,6.94805143702995,7400102,0.17,21.31,0.031,733.3411
"Myanmar",1990,39817251,1.69,20.6,3.5,61,25.8,10255233,26,2.81693327328911,4432646,0.11,-5.9,0.02,570.20447
"Myanmar",1985,36622827,1.97,19.7,4.32,56,24.8,9075330,27,2.85100023868532,6362903,0.17,5.4,0.032,648.15607
"Myanmar",1980,33227204,1.94,19.1,4.79,51,24.1,7999556,27,7.93853808083058,5553511,0.17,5.67,0.028,560.98596
"South Korea",2024,51717590,0.89,45,0.73,532,82.1,42454846,29,2.00361101838986,588008898,11.29,-0.4,1.48,69922.41
"South Korea",2023,51748739,0.89,44.5,0.72,532,81.8,42323569,29,1.58301467403629,590364988,11.36,-3.78,1.51,68753.33
"South Korea",2022,51782512,0.89,43.9,0.78,533,81.5,42193408,28,2.72756456708991,613546709,11.84,-3.95,1.59,69899.45
"South Korea",2020,51858482,0.34,42.8,0.81,533,80.9,41934110,28,-0.700242317542106,617340764,11.99,-5.75,1.7,65364.605
"South Korea",2015,50983912,0.89,39.9,1.2,524,81,41301851,27,2.92029267301234,643799398,12.72,2.1,1.77,65128.56
"South Korea",2010,48769332,0.38,36.6,1.23,502,83.3,40601614,26,6.98166138853071,612937224,12.37,10.17,1.8,62667
"South Korea",2005,47851644,0.46,33.6,1.11,492,82.8,39622010,25,4.35823667337156,515979593,10.59,-0.67,1.72,55225.63
"South Korea",2000,46766661,0.61,30.7,1.47,481,80.7,37729427,26,9.2018583880479,466403114,9.84,8.31,1.82,48342.094
"South Korea",1995,45368425,0.58,28.3,1.65,467,78.1,35441319,24,9.7358937505409,407088329,8.99,7.85,1.72,39243.332
"South Korea",1990,44081427,1.39,25.8,1.6,453,71.9,31696103,24,10.0248996213899,260232556,6.06,8.09,1.15,24471.578
"South Korea",1985,41148963,1.53,23.3,1.71,423,64.3,26474831,23,7.93879547760545,188907865,4.63,4.68,0.94,15168.538
"South Korea",1980,38141107,1.23,20.9,2.73,392,56.6,21582191,23,-1.52426391001066,141430751,3.72,1.77,0.72,11904.004
"South Korea",1975,35875743,1.97,18.8,3.31,369,47.4,16997155,22,7.93151191415265,91078478,2.57,8.42,0.53,7403.251
"South Korea",1970,32542197,2.13,17.7,4.46,335,40.3,13110502,24,10.1670415997143,62335266,1.94,0,0.4,5146.111
"Iraq",2024,46042015,2.15,20.6,3.22,106,71.8,33073885,34,-1.54525198318304,238670397,5.19,2.44,0.6,16002.357
"Iraq",2023,45074049,2.28,20.3,3.25,104,71.3,32130222,35,0.517705525131191,232975961,5.19,4.81,0.6,15925.554
"Iraq",2022,44070551,2.29,20.1,3.29,101,70.8,31207440,35,7.95904804992662,222278365,5.08,11.3,0.58,15429.901
"Iraq",2020,42116605,2.32,19.6,3.42,97,69.9,29422695,36,-12.0367930931152,183874331,4.43,-5.05,0.51,14121.946
"Iraq",2015,37560535,3.88,18.5,4.08,86,67.2,25252255,36,2.60676642939541,137904074,3.82,-0.28,0.38,12548.263
"Iraq",2010,31045366,1.79,17.9,4.46,71,68.5,21258071,39,6.40256484471193,111493529,3.62,15.12,0.33,12635.254
"Iraq",2005,28407448,3.07,17.4,4.45,65,65.4,18572494,38,1.67522863586828,87236339,3.23,-3.42,0.29,10851.643
"Iraq",2000,24424056,3.24,16.9,4.92,56,66.1,16141452,42,16.7961344440251,88811043,3.77,19.53,0.35,13208.813
"Iraq",1995,20825860,3.45,16.4,5.36,48,66.7,13899288,45,2.12002149754704,109099982,5.4,-0.78,0.46,17127.242
"Iraq",1990,17581206,2.31,16,5.93,40,69.3,12176901,46,25.2890143586077,69444529,3.98,-5.51,0.31,13520.282
"Iraq",1985,15683430,2.9,15.6,6.25,36,68.3,10711364,47,1.45389626285959,54719580,3.51,14.67,0.27,9133.321
"Iraq",1980,13591992,3.32,15.3,6.59,31,65.8,8945864,49,24.7537268463936,52234958,3.83,-10.08,0.26,7455.9487
"Iraq",1975,11543639,3.47,15.9,6.91,27,62.1,7171852,51,12.4906646751304,37027033,3.17,14.44,0.21,4577.3403
"Iraq",1970,9735611,3.49,17,7.07,22,57.2,5569369,55,4.54435706401779,23561141,2.38,0,0.15,4022.0679
"Afghanistan",2023,41454761,2.16,16.9,4.84,63,26.4,10948055,36,2.26694373649188,11648639,0.29,3.1,0.03,990.46967
"Afghanistan",2022,40578842,1.91,16.8,4.93,62,26.1,10587583,37,-6.24017199240269,11297964,0.28,-9.52,0.029,1111.5725
"Afghanistan",2020,39068979,2.92,16.4,5.14,60,25.4,9904337,37,-2.35110067203466,12143568,0.32,0.32,0.034,1200.7416
"Afghanistan",2015,33831764,3.65,15.5,5.65,52,24.7,8367571,40,1.45131466066431,8427156,0.25,5.88,0.023,914.92474
"Afghanistan",2010,28284089,2.99,14.6,6.2,43,24.2,6836980,44,14.3624414710737,7868358,0.27,27.61,0.023,1139.9874
"Afghanistan",2005,24404567,3.93,14,6.86,37,23.3,5691836,45,11.2297148272859,1276284,0.05,41.44,0.0043,231.2733118
"Afghanistan",2000,20130327,3.36,14,7.57,31,22,4436282,48,1.85912919857809,1009270,0.05,-25.97,0.0039,262.68048
"Afghanistan",1995,17065836,7.22,14.6,7.77,26,21.7,3697570,51,1.85912919857809,1452610,0.08,-13.21,0.0061,386.4902
"Afghanistan",1990,12045660,1.06,15,7.58,18,21.5,2593947,59,1.85912919857809,2908382,0.24,0.9,0.013,2506.8667
"Afghanistan",1985,11426852,2.955,15.3,7.55,18,19.6,2238468,56,1.85912919857809,4113776,0.35,27.74,0.02,842.73096
"Afghanistan",1980,13169311,0.61,15.8,7.64,20,16.1,2119078,51,1.85912919857809,2004744,0.15,-2.58,0.01,481.20862
"Yemen",2023,39390799,3.06,18.2,4.59,75,32.6,12841267,37,5.66937132228433,10625380,0.33,-3.27,0.027,875.5177
"Yemen",2022,38222876,2.85,18.1,4.59,72,32.4,12373691,40,5.66937132228433,10984096,0.35,-2.09,0.028,893.9548
"Yemen",2020,36134863,3.01,18.1,4.6,68,31.7,11465414,41,5.66937132228433,11317350,0.37,-8.3,0.031,918.66547
"Yemen",2015,31159379,3.1,17.7,4.62,59,30,9360571,42,-21.4258671472659,14252326,0.53,-49.74,0.039,1674.8418
"Yemen",2010,26754387,3.26,16.6,4.81,51,28,7501186,46,7.70128607527964,26344674,1.12,-4.67,0.078,3727.731
"Yemen",2005,22790085,3.04,15.3,5.56,43,26.1,5955824,48,5.59174807563268,22023185,1.07,7.74,0.073,3654.4463
"Yemen",2000,19624141,3.23,14.4,6.32,37,23.9,4695121,50,6.1819155928913,15745204,0.88,6.82,0.061,3064.4592
"Yemen",1995,16740058,3.81,13.6,7.53,32,21.7,3640249,52,5.66937132228433,11156383,0.73,11.28,0.047,2638.6394
"Yemen",1990,13887862,3.93,13.5,8.61,26,18.2,2523689,53,5.66937132228433,7107360,0.59,0.27,0.031,3388.566
"Yemen",1985,11453825,3.72,14,8.86,22,15.8,1809366,55,5.66937132228433,5512498,0.56,6.73,0.027,3736.276
"Yemen",1980,9543358,3.25,14.8,8.71,18,14.1,1342619,63,5.66937132228433,4102413,0.51,25.98,0.021,2932.5127
"Uzbekistan",2024,36361859,1.99,27,3.49,85,48.4,17614842,43,6.49999999997677,148538808,4.27,11.99,0.37,19129.268
"Uzbekistan",2023,35652307,2.04,26.9,3.5,84,48.8,17396968,43,6.29141635082311,132630633,3.85,2.89,0.34,16840.781
"Uzbekistan",2022,34938955,1.99,26.8,3.4,82,49.2,17181649,43,6.00134232203442,128908188,3.79,-4.06,0.33,16958.777
"Uzbekistan",2020,33586372,1.78,26.6,3.06,79,49.9,16756329,43,1.56334277260515,123945134,3.73,7.67,0.34,16072.522
"Uzbekistan",2015,30749346,1.61,25.3,2.58,72,51.1,15720465,43,7.21877350820803,107550268,3.47,-4.96,0.3,17566.38
"Uzbekistan",2010,28385506,1.49,23.6,2.44,67,51.4,14576671,43,7.5971679610016,135801428,4.75,9.07,0.4,18518.672
"Uzbekistan",2005,26356975,1.24,21.9,2.44,62,48.8,12868248,42,6.95000719569097,125529247,4.73,-5.01,0.42,21309.803
"Uzbekistan",2000,24787054,1.58,20.3,2.7,58,46.2,11461701,39,3.83500000014033,131522113,5.29,5.87,0.51,23996.973
"Uzbekistan",1995,22917589,2.29,19.3,3.57,54,43.6,9998260,39,-0.90000000546145,104911974,4.59,-7.71,0.44,22120.496
"Uzbekistan",1990,20464956,2.74,18.9,4.12,48,41.4,8464364,42,1.60000000583702,127853419,6.25,8.48,0.56,25393.666
"Uzbekistan",1985,17875339,2.73,18.7,4.69,42,41.3,7374012,42,6.14637933642877,105127693,5.81,3.84,0.52,26072.84
"Malaysia",2024,35557673,1.23,30.5,1.54,108,76.9,27360379,44,5.10545921024041,295954220,8.57,4.81,0.75,38865.867
"Malaysia",2023,35126298,1.24,30.1,1.55,107,76.5,26866688,44,3.5370638041057,282378624,8.27,1.95,0.72,37724.605
"Malaysia",2022,34695493,1.18,29.6,1.55,106,76,26366660,44,9.03173723044451,276984527,8.22,7.39,0.72,39068.727
"Malaysia",2020,33889558,1.65,28.6,1.68,103,74.8,25361963,42,-5.45684658426701,253079999,7.7,-0.82,0.7,35317.523
"Malaysia",2015,31232798,1.74,26.8,2.01,95,73,22800563,41,5.09153242155011,252859503,8.23,0.58,0.7,35686.035
"Malaysia",2010,28655776,2.09,25,2.14,87,69.6,19934949,42,7.42484738326097,215501422,7.67,8.89,0.63,32635.191
"Malaysia",2005,25836071,2.38,23.2,2.39,79,66.1,17087554,44,5.33213916141486,181117149,7.06,6.8,0.6,32374.299
"Malaysia",2000,22967816,2.47,22.5,2.94,70,62.6,14369654,45,8.85886816969386,130761199,5.64,9.26,0.51,26659.512
"Malaysia",1995,20330599,2.66,21.5,3.32,62,56.1,11413601,47,9.82908519730812,90938463,4.44,3.85,0.38,19617.18
"Malaysia",1990,17833171,3.18,20.4,3.3,54,50.4,8981973,45,9.00852713774628,64424191,3.57,13.76,0.28,13544.84
"Malaysia",1985,15252258,3.27,19.7,3.8,46,46.9,7158888,49,-1.02525025342071,42716128,2.74,-1.04,0.21,11300.094
"Malaysia",1980,12983363,2.51,18.7,4.04,40,44.7,5801245,52,7.44182677934407,32768993,2.37,3.75,0.17,9778.878
"Malaysia",1975,11471914,2.42,17.5,4.5,35,39.9,4579380,52,0.801068092192338,19843463,1.63,7.54,0.11,5288.9277
"Malaysia",1970,10178802,2.36,16.3,5.04,31,35.5,3614368,52,5.98653863031986,27482793,2.54,0,0.17,4348.5503
"Saudi Arabia",2024,33962757,2.1,29.6,2.31,16,92.3,31350546,48,1.99650173436159,652511035,17.73,2.69,1.65,96883.31
"Saudi Arabia",2023,33264292,3.38,29.2,2.28,15,92.7,30846442,48,0.542592439393161,635433830,17.5,2.42,1.62,96221.54
"Saudi Arabia",2022,32175352,1.89,28.7,2.14,15,94.3,30329753,48,12.0005874752929,620430771,17.33,5.1,1.61,97902.695
"Saudi Arabia",2020,30991207,0.67,28.5,2.27,14,94.4,29255576,47,-3.80478901996312,577104500,16.63,-0.47,1.59,93195.88
"Saudi Arabia",2015,29974938,3.57,27,2.63,14,87.6,26249243,46,4.65512316652699,611448293,19.38,4.36,1.68,101972.69
"Saudi Arabia",2010,25157128,4.12,23.5,2.81,12,89.5,22512101,48,5.0395150823517,486877012,17.75,9.65,1.43,97431.875
"Saudi Arabia",2005,20559890,4.91,20.8,3.16,10,94.2,19358664,51,5.94489623934835,346383730,14.49,5.92,1.15,88089.3
"Saudi Arabia",2000,16177722,4.01,19.7,4.21,8,92.7,26249243,58,4.71813422138024,265240195,12.77,4.29,1.03,82513.39
"Saudi Arabia",1995,13289245,4.55,18.7,4.99,6,92.7,26249243,61,0.311708028499027,217159508,11.59,-0.73,0.92,85031.6
"Saudi Arabia",1990,10640691,5.47,18,5.8,5,92.7,26249243,62,9.4260985412794,173902351,10.65,8.32,0.77,87244.01
"Saudi Arabia",1985,8151779,6.15,17.6,6.65,4,92.7,26249243,74,-7.2118044747188,135665475,10.29,-0.78,0.67,89518.31
"Saudi Arabia",1980,6047997,5.83,17.1,7.14,3,92.7,26249243,83,5.79761134177146,192726796,19.79,22.93,0.97,69430.64
"Saudi Arabia",1975,4556287,5.04,16.6,7.37,2,95.1,4334558,95,-5.48816172961487,94053835,12.66,-17.22,0.54,55584.895
"Saudi Arabia",1970,3562470,4,16.2,7.58,2,79.7,2840506,103,25.2890143586077,52008295,8.91,0,0.33,73784.51
"Nepal",2023,29694614,1.695,24.7,1.98,207,23,6835484,51,1.98254843628392,15432018,0.49,2.57,0.039,1935.3121
"Nepal",2022,29715436,1.28,24.4,2,207,22.3,6627181,51,5.6313145568451,15045369,0.49,-13.45,0.039,1873.6637
"Nepal",2020,28966574,0.81,23.5,2.05,202,21.5,6226233,49,-2.3696206292072,16456182,0.54,22.25,0.045,1574.5149
"Nepal",2015,27823629,0.35,21.2,2.27,194,19.1,5317799,49,3.97605327162971,7322141,0.26,-0.41,0.02,757.9389
"Nepal",2010,27341952,0.77,20.2,2.54,191,16.6,4531339,45,4.81641464694573,4784960,0.18,17.74,0.014,646.76184
"Nepal",2005,26309458,1.4,19,3.12,184,14.8,3884136,43,3.47918104829496,3275803,0.13,11.92,0.011,495.1146
"Nepal",2000,24546509,1.99,18.3,3.98,171,13,3180501,40,6.19999998192236,3419426,0.14,2.49,0.013,468.38828
"Nepal",1995,22245439,2.64,18.1,4.87,155,10.5,2328505,42,3.46845189309603,2061586,0.1,8.69,0.0087,275.8802
"Nepal",1990,19524573,2.24,18.1,5.21,136,8.5,1660139,44,4.63503634698831,1088368,0.06,41.8,0.0048,231.2733118
"Nepal",1985,17477692,2.36,18.4,5.46,122,7.1,1235180,43,6.14490523732366,677202,0.04,-23.72,0.0034,231.2733118
"Nepal",1980,15553105,2.32,18.5,5.6,108,5.8,907698,43,-2.31939420500922,611538,0.04,11.58,0.0031,231.2733118
"North Korea",2023,26418204,0.34,36,1.78,219,62.6,16533344,55,4.96260914623281,65658792,2.51,9.79,0.17,6983.9766
"North Korea",2022,26328845,0.37,35.8,1.8,219,62.3,16394046,54,4.96260914623281,59803620,2.3,4.39,0.16,6909.168
"North Korea",2020,26136312,0.43,35.3,1.82,217,61.7,16119904,54,4.96260914623281,69045008,2.67,-5.95,0.19,8332.383
"North Korea",2015,25575350,0.47,34.2,1.86,212,60.5,15468816,51,4.96260914623281,32654126,1.29,-21.52,0.09,4766.5405
"North Korea",2010,24987258,0.48,33,1.89,208,59.4,14847551,49,4.96260914623281,69042618,2.81,-3.67,0.2,8815.287
"North Korea",2005,24396433,0.61,31.4,1.87,203,58.6,14295919,46,4.96260914623281,79737425,3.34,4.2,0.27,12027.47
"North Korea",2000,23665910,0.86,29.1,1.94,197,57.6,13622723,44,4.96260914623281,73806333,3.22,7.64,0.29,12859.471
"North Korea",1995,22669304,1.43,26.9,2.15,188,56.9,12902762,40,4.96260914623281,89100934,4.08,-6.4,0.38,13966.649
"North Korea",1990,21112137,1.48,24.9,2.39,175,56.1,11847860,40,4.96260914623281,131964513,6.5,-4.16,0.58,12123.009
"North Korea",1985,19620388,1.47,23.1,2.65,163,55.5,10881506,39,4.96260914623281,140048767,7.42,3.25,0.69,13664.387
"North Korea",1980,18236786,1.45,21.4,2.84,151,54.5,9941648,37,4.96260914623281,117867578,6.75,5.27,0.6,15082.92
"Syria",2023,23594623,5.04,22.2,2.71,128,52.3,12328787,58,4.46573087154541,31357113,1.46,0.61,0.08,3976.7585
"Syria",2022,22462173,3.3,21.6,2.75,122,51.7,11618692,61,0.732781301861365,31165575,1.52,-2.72,0.081,4111.719
"Syria",2020,21049429,1.62,20.4,2.84,115,49.9,10498283,61,-0.697154504235129,31749202,1.68,-4.71,0.088,5342.43
"Syria",2015,19424618,3.365,18.4,3.07,106,50.3,9773578,60,-4.179791613232,28135670,1.5,-9.2,0.078,6244.624
"Syria",2010,22482421,3.63,20.7,3.35,122,52,11686472,54,5.19190584075331,62691766,2.98,0.45,0.18,13154.189
"Syria",2005,18814091,2.49,18.7,3.6,102,52.3,9839155,58,6.21507783539282,58809688,3.21,22.44,0.2,14674.131
"Syria",2000,16637888,2.62,17.5,4.07,91,51.2,8524885,55,0.675642589410501,45901721,2.8,1.53,0.18,12708.573
"Syria",1995,14616801,3.05,16.4,4.7,80,49.2,7187664,57,7.02658954303115,40512764,2.82,4.19,0.17,11823.148
"Syria",1990,12579208,3.43,15.4,5.56,69,48.4,6090038,56,3.73955590233751,33004357,2.65,15.11,0.15,12599.213
"Syria",1985,10625672,3.47,14.8,6.48,58,48,5099767,57,9.3508073317891,22858653,2.15,-9.78,0.11,9985.254
"Syria",1980,8957663,3.47,14.5,7.12,49,46.6,4171360,65,14.5081169532396,14371485,1.61,-6.32,0.073,8429.496
"Sri Lanka",2024,23103565,0.57,33.1,1.95,368,17.9,4137016,61,5.00871930957159,23334668,1.1,8.13,0.059,4819.1953
"Sri Lanka",2023,22971617,0.6,32.8,1.97,366,17.8,4083985,61,-2.3298481898334,21580326,1.02,3.77,0.055,4356.593
"Sri Lanka",2022,22834965,0.6,32.6,1.98,364,17.7,4034302,59,-7.34919301306745,20797135,0.98,-8.86,0.054,4265.6963
"Sri Lanka",2020,22561807,0.75,32.1,2.01,360,17.5,3945488,58,-4.62451503749502,22614447,1.07,-5.67,0.062,4653.0293
"Sri Lanka",2015,21729971,0.8,30.7,2.09,347,17.4,3781471,57,4.20595547449241,19711058,0.95,10.24,0.054,4201.5786
"Sri Lanka",2010,20879089,0.65,29.2,2.13,333,17.6,3681427,57,8.01596737055139,13518402,0.67,5.8,0.04,3334.2397
"Sri Lanka",2005,20216524,0.94,27.7,2.26,322,17.7,3573620,54,6.24174804376447,14430057,0.74,8.67,0.048,3056.2314
"Sri Lanka",2000,19293054,1.9,26.2,2.21,308,17.9,3452171,51,6.00003315828934,11466705,0.61,14.35,0.045,2775.4348
"Sri Lanka",1995,17564068,1.44,24.3,2.35,280,19.2,3367985,49,5.5000852341585,6243387,0.34,0.32,0.026,2319.4077
"Sri Lanka",1990,16352458,1.02,22.6,2.54,261,19.6,3212099,50,6.39999531084838,4239033,0.24,1.5,0.019,1827.6754
"Sri Lanka",1985,15544154,0.92,21.1,2.9,248,19.4,3011554,48,4.99940636872589,4020360,0.25,-9.03,0.02,1653.0919
"Sri Lanka",1980,14847974,1.85,20.4,3.73,237,18.8,2797666,46,5.84602651617143,4208321,0.28,-0.06,0.021,1549.9373
"Sri Lanka",1975,13548984,1.97,19.7,3.82,216,18.4,2489237,46,6.12623316072201,2987425,0.22,-12.08,0.017,1444.7924
"Sri Lanka",1970,12287110,2.39,19,4.39,196,17.9,2197238,44,3.84662985663837,3121001,0.25,0,0.02,1608.4803
"Kazakhstan",2024,20592571,1.29,29.6,2.98,8,55.2,11360335,64,4.99999999996936,258803717,13.3,1.32,0.65,41865.195
"Kazakhstan",2023,20330104,1.47,29.5,3.01,8,55.2,11226799,64,5.09999999973641,255434160,13.24,3.61,0.65,41624.883
"Kazakhstan",2022,20034609,1.41,29.3,3.05,7,55.4,11093646,64,3.19999999970734,246527600,12.89,1.91,0.64,40893.367
"Kazakhstan",2020,19482117,1.5,29.2,3.13,7,55.6,10828881,63,-2.49999999628,225495705,12.01,3.05,0.62,37774.996
"Kazakhstan",2015,18084169,1.44,28.3,2.75,7,56.1,10151168,63,1.20000000053288,202753856,11.42,-12.99,0.56,35163.887
"Kazakhstan",2010,16836810,1.07,27.5,2.61,6,55.3,9319106,61,7.30000000329814,242198390,14.77,7.89,0.71,36301.137
"Kazakhstan",2005,15968117,0.6,27.4,2.27,6,55,8775200,62,9.69999999922682,187596858,12.07,7.47,0.62,31602.055
"Kazakhstan",2000,15501103,1.36,26.6,1.9,6,54.5,8446937,61,9.80000000214156,132224026,8.78,1.98,0.51,23852.965
"Kazakhstan",1995,16730536,1.36,25.4,2.25,6,53.6,8966986,53,-8.2000000011824,180328017,11.25,-11.56,0.76,35785.812
"Kazakhstan",1990,17154054,1.36,24.7,2.75,6,54.3,9306548,48,4.99999999996936,248629400,15.03,3.23,1.1,50100.41
"Kazakhstan",1985,16031090,1.13,23.4,3.21,6,55.2,8843705,45,4.99999999996936,220409037,13.96,-3,1.09,49655.234
"Cambodia",2023,17423880,1.29,25.8,2.58,99,25.5,4445360,73,5.00733043811898,18916161,1.09,2.89,0.048,4590.6875
"Cambodia",2022,17201724,1.41,25.6,2.62,97,25.1,4311303,73,5.12990110773977,18384886,1.07,-0.53,0.048,3826.666
"Cambodia",2020,16725474,1.37,25.1,2.7,95,24.2,4050459,72,-3.55572193406549,18633215,1.11,18.6,0.051,3623.1885
"Cambodia",2015,15623251,1.5,23.2,2.73,89,22,3443036,70,7.20703472529512,8519585,0.55,21.13,0.023,2045.9786
"Cambodia",2010,14500726,1.53,21.3,2.86,82,20,2903806,68,5.07691843229247,5159266,0.36,5.77,0.015,1574.4983
"Cambodia",2005,13439202,1.52,19.1,3.24,76,18.9,2544414,67,13.3033338358455,2701329,0.2,11.65,0.009,890.31775
"Cambodia",2000,12462336,4.46,17,3.79,71,18.1,2258686,64,9.99358032292079,2001415,0.16,3.02,0.0078,711.5704
"Cambodia",1995,10018497,6.32,15.9,5.08,57,18.4,1844262,76,9.90346890117173,1501402,0.14,177.94,0.0063,604.91327
"Cambodia",1990,7374752,4.06,17.2,5.64,42,18.9,1395017,85,1.16231184838939,429769,0.05,3.52,0.0019,259.63687
"Cambodia",1985,6043783,3.05,16.8,6.31,34,17.8,1074486,91,4.67018404006252,404509,0.05,10.12,0.002,291.18405
"Cambodia",1980,5199872,1.525,16.7,5.77,29,12.7,662376,91,-5.66840616410634,291528,0.04,7.28,0.0015,235.12926
"Jordan",2023,11439213,1.63,24.3,2.64,129,84.3,9638086,84,2.88408339281683,24040800,2.3,3.01,0.061,9644.626
"Jordan",2022,11256263,1.78,23.9,2.68,127,84.9,9554911,83,2.64743514912058,23337955,2.24,7.33,0.061,9883.87
"Jordan",2020,10865228,2.63,23.3,2.79,122,85.9,9332603,85,-1.10275188309046,20947988,2.05,-10.06,0.058,9092.539
"Jordan",2015,9544729,5.52,21.5,3.14,108,86.6,8266802,92,2.49652879315188,25633391,2.8,-0.8,0.071,11395.704
"Jordan",2010,7297043,3.89,20.6,3.78,82,84.7,6183184,101,2.31483422063046,20588341,2.87,-2.25,0.061,12214.337
"Jordan",2005,6029587,2.28,19.7,3.65,68,75.3,4541834,102,8.14659481079931,20314315,3.56,6.83,0.068,14255.92
"Jordan",2000,5386945,2.54,19,3.86,61,74.1,3994240,104,4.24571192079179,16465729,3.23,10.78,0.064,12299.419
"Jordan",1995,4752096,5.58,18.5,4.68,54,75.3,3576333,108,6.20087444373819,13801865,3.02,6.27,0.058,11803.904
"Jordan",1990,3621908,5.44,16.1,5.54,41,72.1,2609598,120,-0.275903907591925,10071816,2.83,5.9,0.044,11628.393
"Jordan",1985,2778810,4.46,14.7,6.53,31,69.8,1940204,127,-2.70694716427624,10142301,3.5,2.25,0.05,12823.284
"Jordan",1980,2234186,3.3,14.1,7.29,25,63.8,1425339,131,11.1848464618952,6419867,2.7,27.17,0.032,10208.667
"United Arab Emirates",2024,11027129,3.62,31.6,1.21,132,82.3,9074536,86,3.99180705485398,200558970,19.45,4.08,0.51,138026.48
"United Arab Emirates",2023,10642081,3.91,31.2,1.2,127,84,8941577,89,4.30118228020602,192696444,18.92,-1.27,0.49,134679.92
"United Arab Emirates",2022,10242086,4.11,30.9,1.15,123,86,8808417,93,7.51448425801082,195184009,19.4,-2.12,0.51,132096.89
"United Arab Emirates",2020,9448524,1.72,30.9,1.29,113,90.4,8542144,96,-8.69342617885171,195674236,19.94,-1.1,0.54,125363.31
"United Arab Emirates",2015,8674633,4.57,30.8,1.42,104,90.4,7842883,96,7.08767348587587,206851875,22.6,4.41,0.57,140994.88
"United Arab Emirates",2010,6938363,8.26,30.7,1.56,83,81.5,2531398,103,1.60285004671343,171952920,20.79,4,0.51,140161.36
"United Arab Emirates",2005,4664790,5.95,29.9,2.23,56,80.8,3767260,116,4.85514119553341,122461281,26.74,6.47,0.41,151045.81
"United Arab Emirates",2000,3493575,7.49,27.3,2.73,42,72.5,2531398,128,10.8527042153779,88456930,28.04,-0.78,0.34,153361.73
"United Arab Emirates",1995,2434662,5.1,27,3.28,29,78.8,1917885,136,6.68788645972636,77402543,31.61,6.66,0.33,199152.9
"United Arab Emirates",1990,1898220,6.62,24.9,4.51,23,77.5,1470491,142,18.3279855336307,56887567,30.58,-0.09,0.25,181724.3
"United Arab Emirates",1985,1377911,6.29,25.7,5.13,16,80.6,1110111,145,-3.59447651738606,51811517,37.25,3.66,0.26,146332.03
"United Arab Emirates",1980,1015700,13.35,25.2,5.95,12,82.8,841303,146,23.8747749106529,41138480,39.47,8.6,0.21,106483.45
"United Arab Emirates",1975,542856,13.63,24.4,6.35,6,81.5,442351,158,6.22740138862783,36679444,66.17,1.86,0.21,43950.293
"United Arab Emirates",1970,286536,11.39,22,6.52,3,65.6,187928,168,6.22740138862783,19464782,82.65,0,0.12,33521.168
"Tajikistan",2023,10389799,2.04,21.9,3.07,74,27.2,2827094,92,8.29999921651935,9320397,0.93,-2.51,0.024,4745.2627
"Tajikistan",2022,10182222,2.2,21.7,3.13,73,27,2750956,95,8.00000033846364,9560609,0.97,1.42,0.025,4824.7124
"Tajikistan",2020,9749310,2.44,21.4,3.21,70,26.7,2606273,95,4.40000111553493,9388099,0.99,3.84,0.026,4753.2974
"Tajikistan",2015,8643840,2.47,20.7,3.46,62,26.4,2286101,98,6.01930331771186,5091720,0.6,6.79,0.014,3965.9856
"Tajikistan",2010,7652141,2.02,19.8,3.46,55,26.5,2026528,96,6.49999908585235,3071007,0.4,0.69,0.009,3551.2854
"Tajikistan",2005,6924720,1.96,18.6,3.4,49,26.2,1817059,98,6.69999851655409,3191088,0.47,-4.8,0.011,5358.0234
"Tajikistan",2000,6284735,1.11,17.4,3.49,45,26.2,1647352,98,8.32432449473859,2784643,0.45,-7.05,0.011,5018.302
"Tajikistan",1995,5948584,1.96,16.6,4.66,43,28,1664663,96,-12.416322231899,3045711,0.53,-15.13,0.013,5381.158
"Azerbaijan",2024,10336577,0.18,33.1,1.67,125,58.3,6022102,94,4.07140205008956,38887499,3.75,-6.85,0.098,20137.387
"Azerbaijan",2023,10318207,0.22,32.6,1.67,125,57.6,5942187,94,1.35447749115767,41745759,4.05,5.2,0.11,21072.756
"Azerbaijan",2022,10295304,0.56,32.1,1.69,125,56.9,5861375,92,4.71468033247649,39683609,3.87,6.04,0.1,20425.451
"Azerbaijan",2020,10181730,0.86,31.1,1.76,123,55.9,5695930,91,-4.19896065333343,35406738,3.51,-4.26,0.098,18162.768
"Azerbaijan",2015,9752850,1.29,29.6,2.09,118,54,5262140,91,1.04954641215085,34522933,3.59,-0.58,0.095,17618.03
"Azerbaijan",2010,9146851,1.25,28.2,1.92,111,52.7,4823834,92,4.78883248761557,26636183,2.95,-4.81,0.078,14041.92
"Azerbaijan",2005,8597248,1.01,26.7,1.98,104,52,4473283,89,25.2890143586077,31219335,3.66,5.82,0.1,19405.906
"Azerbaijan",2000,8174785,1.15,24.8,1.7,99,51.1,4173974,89,11.0999991434346,28794565,3.54,5.12,0.11,16153.973
"Azerbaijan",1995,7719282,1.32,23.5,2.19,93,52.6,4059242,87,-11.7999991076818,33880027,4.36,-1.83,0.14,20811.258
"Azerbaijan",1990,7231077,1.24,22.6,2.98,87,53.8,3892911,86,4.07140205008956,56124435,7.75,20.68,0.25,36032.113
"Azerbaijan",1985,6799814,1.59,21.5,3.2,82,52.4,3566399,82,4.07140205008956,44635295,6.7,1.65,0.22,34552.445
"Israel",2024,9387021,1.41,29.2,2.79,434,91.3,8571846,98,0.871968424377442,57665413,3.82,-4.65,0.15,29591.316
"Israel",2023,9256314,1.68,29.1,2.83,428,91.2,8445858,98,1.82652049482384,60480495,4.08,-4.96,0.15,30723.857
"Israel",2022,9103151,1.71,29.1,2.94,421,91.4,8320014,98,6.26326343841286,63636360,4.37,4.37,0.17,33816.67
"Israel",2020,8800376,1.79,29,2.94,407,91.7,8067603,99,-2.02161548237589,61392545,4.37,-6,0.17,32400.352
"Israel",2015,8052908,1.88,28.8,3.09,372,92.3,7433814,100,2.23760317482488,67991656,5.34,3.14,0.19,34152.684
"Israel",2010,7336735,1.75,28.4,3.03,339,92.9,6818961,100,5.53434033902194,71945185,6.26,7.3,0.21,36127.625
"Israel",2005,6728206,1.94,27.7,2.79,311,89.8,6042911,100,4.38778887041551,61872779,6.08,-3.34,0.21,36361.74
"Israel",2000,6111190,2.68,26.8,2.92,282,89.7,5484711,99,8.58208942390802,59283906,6.42,7.9,0.23,37205.684
"Israel",1995,5354739,3.33,25.7,2.82,247,90.5,4846533,100,6.60292466276256,48193772,6.06,6.91,0.2,36455.285
"Israel",1990,4544999,2.06,24.8,2.84,210,89.5,4066603,106,7.3151991944807,35222981,5.34,4.24,0.16,28412.639
"Israel",1985,4105359,1.98,24.4,3.04,190,89.3,3667485,109,4.03694035827328,25810004,4.42,6.92,0.13,23932.822
"Israel",1980,3721665,2.32,24,3.15,172,89.1,3317141,110,1.67044175850093,20424036,3.89,-0.68,0.1,24875.012
"Israel",1975,3318089,2.98,23.1,3.61,153,87.1,2891082,109,3.24281919248368,18195678,3.91,5.16,0.11,22645.977
"Israel",1970,2864778,4.21,22.2,3.79,132,83.7,2399237,111,7.30733553016482,14914602,3.75,0,0.095,22179.049
"Laos",2023,7664993,1.4,24.3,2.42,33,37.2,2849332,103,3.74568140158232,25743696,3.46,7.12,0.066,10100.14
"Laos",2022,7559007,1.44,24,2.46,33,36.6,2765699,103,2.70742652643155,24031527,3.27,0.9,0.062,8552.412
"Laos",2020,7346533,1.55,23.4,2.54,32,35.4,2600131,104,0.503031829018681,19437798,2.71,0.35,0.054,9094.3545
"Laos",2015,6801645,1.43,22,2.8,29,32.4,2206330,106,7.27006584373785,8927454,1.34,103.48,0.025,5482.171
"Laos",2010,6334194,1.54,19.9,3.14,27,29.6,1877890,106,8.52690551739717,2961433,0.47,12.14,0.0087,2160.704
"Laos",2005,5869523,1.56,17.8,3.69,25,26.7,1564297,104,7.10756836811267,1302558,0.23,3.54,0.0043,1243.3053
"Laos",2000,5431212,1.96,17,4.43,24,21.6,1171236,103,5.79878232861959,934488,0.18,76.8,0.0036,927.38556
"Laos",1995,4929409,2.71,16.8,5.36,21,17.1,843190,105,7.03125432419004,392987,0.08,-1.8,0.0017,368.38705
"Laos",1990,4311955,2.89,16.8,6.06,19,15.2,657373,111,6.70457869081514,255875,0.06,7.02,0.0011,303.67258
"Laos",1985,3739985,2.58,16.7,6.33,16,13.6,509071,112,5.06996394724837,179705,0.05,18.75,0.00089,253.74026
"Laos",1980,3292573,1.84,16.8,6.33,14,12.2,403247,114,6.25168050971737,448984,0.14,7.53,0.0023,582.4142
"Turkmenistan",2024,7494498,1.77,26.6,2.66,16,46.2,3465717,104,6.2994265836889,81408012,12.81,-14.06,0.21,49524.95
"Turkmenistan",2023,7364438,1.86,26.2,2.69,16,46,3391065,105,6.30015758549871,94728691,15.09,-6.45,0.24,59537.51
"Turkmenistan",2022,7230193,2,25.9,2.73,15,45.9,3316493,105,6.19999993621698,101261290,16.34,6.11,0.26,65250.055
"Turkmenistan",2020,6949912,2.26,25.4,2.79,15,45.6,3167354,106,5.900000048526,76825279,12.74,4.88,0.21,63923.27
"Turkmenistan",2015,6215770,2.24,24.2,3.03,13,45.1,2800294,109,6.49999990951666,67910817,12.2,7.43,0.19,51843.594
"Turkmenistan",2010,5564356,1.95,23,2.85,12,44.3,2466832,111,9.19999998805483,61653193,12.12,12.86,0.18,44347.527
"Turkmenistan",2005,5052257,1.97,21.3,2.71,11,44.3,2237159,114,13.034034870022,52898311,11.13,3.07,0.18,34686
"Turkmenistan",2000,4582677,1.8,19.8,2.9,10,45.2,2073509,113,5.46906413252854,39340190,8.71,2.02,0.15,28428.357
"Turkmenistan",1995,4191203,2.19,18.7,3.49,9,45,1884853,117,-7.2000409344549,34659720,8.24,1.22,0.15,24878.238
"Turkmenistan",1990,3760562,2.98,18.3,4.29,8,44.2,1660542,118,25.2890143586077,45694357,12.4,17.4,0.2,42814.887
"Turkmenistan",1985,3247534,2.77,18.3,4.97,7,45.9,1491485,123,6.29979208459381,34814312,10.73,3.48,0.17,44065.363
"Kyrgyzstan",2023,7073516,1.69,25.1,2.8,37,34.9,2469676,107,9.0132928339342,10230402,1.57,-2.58,0.026,8082.865
"Kyrgyzstan",2022,6955788,2.16,25,2.81,36,34.8,2419608,107,8.96750520041391,10501070,1.63,-0.13,0.027,7569.569
"Kyrgyzstan",2020,6664140,2.12,24.6,3.05,35,34.9,2322557,109,-7.14897757727955,9308491,1.48,-8.98,0.026,6303.2896
"Kyrgyzstan",2015,6001882,1.79,24,3.21,31,35,2098492,113,3.87582544512439,10316248,1.76,3.77,0.028,7766.9336
"Kyrgyzstan",2010,5491761,0.92,23,3.1,29,34.9,1914419,113,-0.471566596791618,6605703,1.22,-6.19,0.019,7097.546
"Kyrgyzstan",2005,5246332,0.87,22.2,2.65,27,34.1,1791108,112,-0.175515404044219,5613292,1.11,0.05,0.019,6315.1167
"Kyrgyzstan",2000,5025145,1.29,21.3,2.58,26,34.6,1736915,111,5.44333663288322,4797920,0.98,-2.36,0.019,8554.152
"Kyrgyzstan",1995,4713635,1.11,20.4,3.29,25,35.2,1659749,109,-5.4238219222602,4758012,1.04,-29.3,0.02,6863.0107
"Hong Kong",2024,7414909,1.19,46.8,0.73,7062,98.4,6140101,105,2.50498758466826,34616164,4.48,1.46,0.087,36808.547
"Hong Kong",2023,7442734,1.19,46.2,0.72,7088,98.4,6140101,104,3.2238599613664,34119385,4.44,6.18,0.087,33757.816
"Hong Kong",2022,7465915,1.19,45.6,0.71,7110,98.4,6140101,104,-3.68378414495199,32132152,4.2,-6.96,0.083,29120.252
"Hong Kong",2020,7490235,0.33,44.4,0.89,7134,98.4,6140101,103,-6.54480412699255,34061877,4.51,-21.71,0.094,34437.715
"Hong Kong",2015,7366409,0.73,41.7,1.23,7016,98.4,7245701,102,2.38777942738729,44245463,6.11,-6.96,0.12,44316.176
"Hong Kong",2010,7101617,0.55,39.9,1.12,6763,98.9,7025221,102,6.76768834119794,42227739,6.01,-6.46,0.12,45225.73
"Hong Kong",2005,6908486,0.6,37.7,0.96,6580,98.8,6827761,99,7.38818981322424,43005424,6.3,5.53,0.14,39095.48
"Hong Kong",2000,6704664,1.65,35,1.03,6385,99.4,6663654,95,7.6634341189713,41900982,6.29,-7.99,0.16,29453.422
"Hong Kong",1995,6177104,2.13,32.6,1.3,5883,99.4,6140101,94,2.37380672369116,38627497,6.29,1.28,0.16,29250.05
"Hong Kong",1990,5560597,0.61,29.9,1.28,5296,98.4,6140101,95,3.83051133487089,35044267,6.06,2.25,0.15,25061.643
"Hong Kong",1985,5393122,1.68,27,1.5,5136,92,4959721,93,0.757054642867999,25943316,4.86,4.1,0.13,18684.584
"Hong Kong",1980,4962484,2.26,24.5,2.06,4726,90.6,4496588,96,10.1082310071639,15556677,3.16,2.89,0.079,15394.662
"Hong Kong",1975,4438378,3.48,22.2,2.63,4227,85.6,3799487,97,0.492019320539043,11268987,2.66,-1.05,0.065,12420.538
"Hong Kong",1970,3739916,1.19,19.3,3.39,3562,90.9,3397839,98,9.20649975840655,9526465,2.46,0,0.06,12294.843
"Singapore",2024,5832387,0.75,35.6,0.95,8332,99,2859244,115,4.38802362461865,58868050,9.62,4.93,0.15,180701.45
"Singapore",2023,5789090,2.46,35.1,0.94,8270,99,2859244,115,1.82140694115385,56101337,9.23,-0.44,0.14,171241.08
"Singapore",2022,5649885,0.26,34.9,0.94,8071,99,2859244,116,4.10800021897151,56346650,9.33,1.13,0.15,158521.72
"Singapore",2020,5620150,0.34,34.5,0.94,8029,99,2859244,116,-3.81470885510713,53876825,9.08,-3.6,0.15,162517.11
"Singapore",2015,5525340,1.71,33.3,0.98,7893,99,2859244,115,2.97679931634806,55174629,9.97,2.43,0.15,164988.62
"Singapore",2010,5077014,3.53,32.7,0.93,7253,99.9,5074252,116,14.5197497108994,48885857,9.63,11.71,0.14,156003.53
"Singapore",2005,4268364,1.13,32.4,1.07,6098,99,2859244,120,7.36632239250758,41731487,9.29,-6.27,0.14,127051.62
"Singapore",2000,4035245,2.69,31.2,1.34,5765,97,3913960,121,9.03831632555163,45519345,11.63,9.93,0.18,109786.09
"Singapore",1995,3533624,3.06,30,1.44,5048,98.4,3478779,126,7.17540112091071,41341211,11.88,-0.73,0.17,110068.55
"Singapore",1990,3039591,2.13,28.5,1.58,4342,99.1,3012953,129,9.82089955731777,31648204,10.5,34.57,0.14,89848.74
"Singapore",1985,2735030,2.33,26.3,1.53,3907,98.9,2705535,129,-0.622701650113157,19009243,7.03,4.36,0.094,51880.066
"Singapore",1980,2437493,1.45,23.7,1.74,3482,98.9,2411700,129,10.1133721068475,15238549,6.32,0.35,0.077,45772.86
"Singapore",1975,2268523,1.64,20.9,2.08,3241,99.6,2259748,129,3.98873862550901,10753398,4.76,0.3,0.062,37903.793
"Singapore",1970,2091558,2.26,18.7,3.07,2988,99.1,2072290,128,13.9420030031916,8000772,3.86,0,0.051,41693.78
"Lebanon",2023,5773493,0.5,28.3,2.24,564,89.6,5171646,116,-0.760584470257314,10818762,1.87,3.68,0.028,12632.702
"Lebanon",2022,5744489,0.37,28.1,2.26,562,91.3,5244353,115,-0.621678970663112,10434959,1.78,-37.57,0.027,12473.167
"Lebanon",2020,5702398,1.795,27.8,2.31,557,93.9,5353116,115,-21.3998996914321,21820704,3.62,-19.2,0.06,17183.104
"Lebanon",2015,6472469,5.12,28.4,2.38,633,79.7,5155483,108,0.462320792597581,26905355,4.6,7.75,0.074,15547.409
"Lebanon",2010,5041288,1.54,26.8,2.26,493,75.1,3787791,117,7.97513555844932,20659209,4.76,-4.18,0.061,15401.946
"Lebanon",2005,4671102,1.53,24.9,2.29,457,73.9,3453680,115,2.68577931016345,16575834,4.16,-0.69,0.055,12968.104
"Lebanon",2000,4329340,1.8,23.2,2.6,423,64.3,2782415,116,1.34187161970405,15308495,4.73,-9.67,0.06,13793.698
"Lebanon",1995,3960735,1.96,21.8,2.73,387,65,2572911,119,6.44886256985258,14523349,4.79,15.93,0.061,13113.397
"Lebanon",1990,3595175,2.25,20.5,3.27,351,62.5,2246758,121,25.2890143586077,5974521,2.21,0,0.026,5638.822
"Lebanon",1985,3217376,1.79,19.6,3.53,315,66.1,2125807,124,1.34187161970405,7123761,2.66,16.38,0.035,9352.805
"Lebanon",1980,2944763,1.8,18.7,4.01,288,65.2,1919361,123,1.34187161970405,7534603,2.89,1.13,0.038,9695.02
"Oman",2024,5281538,4.6,29.5,2.51,17,92.8,4900404,123,1.63163221127449,98511206,17.89,2.9,0.25,84610.64
"Oman",2023,5049269,6.74,29.3,2.52,16,95.2,4808591,126,1.41401395818599,95734561,17.6,2.82,0.24,86222.51
"Oman",2022,4730226,2.27,29,2.45,15,99.5,4707282,127,7.98570728354278,93105357,17.36,6.13,0.24,89754.836
"Oman",2020,4522497,1.56,28.8,2.64,15,98.2,4442970,127,-3.37972052697999,82165963,15.96,-3.82,0.23,79945.42
"Oman",2015,4184895,8.7,27.8,2.96,14,81.6,3416565,126,5.01705799719045,79324388,18.89,5.73,0.22,80629.07
"Oman",2010,2757446,2.31,24.2,2.97,9,82.9,2285997,139,2.47199856582773,51493217,16.93,9.32,0.15,85979.016
"Oman",2005,2459802,1.51,21.7,3.03,8,73.9,1818164,140,2.77944360306151,33042687,13.16,3.98,0.11,63469.54
"Oman",2000,2282131,1.48,19.9,3.85,7,71.1,1623172,140,6.19241063695442,26317209,11.6,4.35,0.1,48620.9
"Oman",1995,2120528,3.75,19,5.07,7,74.5,1579777,140,4.99681952030654,20151377,9.14,3.24,0.085,30118.717
"Oman",1990,1763954,5.88,17.3,6.46,6,67.9,1197883,144,-0.130425738129333,16410040,9.06,34.65,0.072,26429.148
"Oman",1985,1325480,5.77,15.5,7.51,4,64.5,855282,146,14.0071971120206,9552431,6.38,-22.1,0.047,24838.732
"Oman",1980,1001248,5.15,15.4,7.89,3,54.8,549043,147,6.0354441115762,12901838,11.18,-39.81,0.065,17037.115
"Oman",1975,778864,3.28,15.1,7.71,3,43.3,337059,148,24.4335027245109,25863468,29.32,233.22,0.15,16568.465
"Oman",1970,662680,2.52,16.1,7.52,2,32.4,214732,149,13.8950964378378,7351498,10.16,0,0.047,1412.2805
"Kuwait",2024,4934507,1.98,34.8,1.51,277,92.1,4544704,128,-2.56011099967517,115931281,25.51,5.24,0.29,106398.59
"Kuwait",2023,4838782,5.43,34.5,1.52,272,92.7,4483898,128,-1.6672059801285,110159119,24.57,7.35,0.28,103089.836
"Kuwait",2022,4589511,2.13,33.5,1.55,258,96.4,4422070,128,6.75866711966617,102617765,23.21,2.72,0.27,102111.33
"Kuwait",2020,4400144,2.79,36.8,2.1,247,97.8,4302875,128,-4.81731593381585,92947944,21.6,-4.01,0.26,95378.4
"Kuwait",2015,3834454,5.43,32.9,2.03,215,92.1,1702525,130,0.592770817217982,95589086,24.29,3.53,0.26,122225.26
"Kuwait",2010,2943372,5.64,28.6,2.04,165,92.1,1702525,136,-2.37054804425912,86819621,28.96,1.76,0.26,137603.58
"Kuwait",2005,2236788,2.73,27.4,2.73,126,92.1,1702525,142,10.6090449840228,77233719,33.92,11.96,0.26,152611.67
"Kuwait",2000,1954709,3.06,24.9,2.89,110,92.1,1702525,145,4.69458187079211,56021227,27.32,12.29,0.22,111608.15
"Kuwait",1995,1681513,5.07,24.6,3.25,94,94,1579978,145,4.85829125202741,40313123,25.03,-1.03,0.17,89532.055
"Kuwait",1990,1684819,5.07,22.3,3.49,95,92.1,1702525,145,-21.4258671472659,32407864,15.44,-51.1,0.14,54303.703
"Kuwait",1985,1894242,4.71,21.5,4.22,106,89.9,1702525,139,-4.26459143817853,40837507,23.48,10.58,0.2,63642.477
"Kuwait",1980,1504782,6.37,19.5,5.18,84,86.4,1300693,140,-19.4107452350066,33281513,24.25,-6.26,0.17,56302.95
"Kuwait",1975,1104863,6.43,17.3,6.06,62,82.9,916132,144,-12.2744086966918,26774855,26.12,-14.07,0.15,62457.023
"Kuwait",1970,809114,9.2,17.5,7.03,45,79.1,639688,146,-2.37054804425912,39838556,53.35,0,0.25,90725.36
"Georgia",2023,3807492,0.33,36.8,1.81,55,61.6,2344532,131,7.83220126555726,13556331,3.51,0.69,0.035,16434.389
"Georgia",2022,3794784,0.175,36.6,1.82,55,61.6,2337041,131,10.9585321385624,13462972,3.47,9.07,0.035,17845.229
"Georgia",2020,3795678,0.02,36.5,1.98,55,61.1,2317778,131,-6.2904717853839,11540590,2.96,-3.2,0.032,14982.388
"Georgia",2015,3791573,0.175,36.1,2.21,55,59.9,2270087,131,3.35102350265353,10647009,2.69,8.2,0.029,14169.743
"Georgia",2010,3895925,0.175,35.1,1.97,56,60.3,2350051,127,6.24640865303363,6312353,1.49,-2.46,0.019,10140.076
"Georgia",2005,4026131,0.175,34.2,1.58,58,59.7,2405012,125,9.59113832853026,4979273,1.11,15.46,0.017,8406.679
"Georgia",2000,4328358,0.175,32.9,1.61,62,57.4,2485610,117,1.84038117927339,5212641,1.1,6.62,0.02,6619.5894
"Georgia",1995,4925743,0.175,31.2,1.81,71,54.9,2702829,106,2.59657506969336,8522935,1.7,-21.97,0.036,6870.065
"Mongolia",2023,3431932,1.36,26.8,2.69,2,67,2300479,133,7.4221127615025,27152554,8.16,8.8,0.069,19674.547
"Mongolia",2022,3386015,1.44,26.6,2.75,2,67,2268638,134,5.0327096366527,24955332,7.58,0.27,0.065,15471.304
"Mongolia",2020,3290785,2.03,26.4,2.95,2,67,2203469,135,-4.55775197583431,22515519,7.02,-11.13,0.062,18992.549
"Mongolia",2015,2976526,1.96,25.7,3.01,2,68.2,2031123,137,2.37983580731722,18025910,6.06,-7.7,0.05,15730.632
"Mongolia",2010,2701732,1.06,24.4,2.52,2,67.8,1832856,141,6.3651616786311,14905671,5.49,7.01,0.044,12244.189
"Mongolia",2005,2563461,0.87,22.7,1.99,2,61.6,1578882,139,7.25366543796015,11129107,4.41,16.21,0.037,7940.0825
"Mongolia",2000,2455182,1,20.7,2.25,2,55.8,1369725,138,1.14606213709108,9040493,3.77,4.47,0.035,6921.8765
"Mongolia",1995,2335715,1.53,19,2.74,2,55.9,1305410,137,6.3764268864666,10343857,4.5,-0.6,0.044,8032.041
"Mongolia",1990,2164573,2.41,17.9,4.21,1,57.5,1245674,136,-3.18446017825207,13147885,6.02,-5.86,0.058,11231.988
"Mongolia",1985,1921514,2.46,17.4,5.26,1,55.1,1057810,138,5.71287226080142,11927846,6.21,15.62,0.059,12268.706
"Mongolia",1980,1701335,2.71,16.6,6.21,1,51.7,880007,138,5.37279094872706,9339386,5.53,9.78,0.047,10923.312
"Qatar",2024,3048423,2.33,33.5,1.72,263,97.3,2965657,137,2.35970586926597,135266875,45.33,4.7,0.34,200308.0683
"Qatar",2023,2979082,2.99,33.2,1.73,257,98,2918180,138,1.53979117720789,129196449,43.99,7.57,0.33,200308.0683
"Qatar",2022,2892455,1.58,32.5,1.74,249,99.2,2869229,138,4.18497018544697,120100707,41.57,1.4,0.31,195336.34
"Qatar",2020,2803375,2.92,31.6,1.68,241,98.8,2770452,141,-3.55750284254954,115337129,41.31,-1.98,0.32,183122.62
"Qatar",2015,2427331,7.27,30.1,1.98,209,93.1,529094,142,4.75332372902957,114084100,45.97,3,0.31,200308.0683
"Qatar",2010,1709229,15.67,30.2,2.14,147,93.1,529094,150,19.5921744776308,72212608,40.58,12.88,0.21,196225.34
"Qatar",2005,825408,5.06,29.9,2.63,71,93.1,529094,161,7.49275848279068,43559976,50.37,5.81,0.15,200308.0683
"Qatar",2000,644989,4.63,28.9,3.07,56,88.4,570417,163,8.02812545191884,31752214,53.61,-2.4,0.12,200308.0683
"Qatar",1995,514325,3.16,28.2,3.56,44,94.8,487771,165,2.39923621838123,20980484,40.86,2.31,0.089,200308.0683
"Qatar",1990,440175,3.76,26.9,4.23,38,93.1,529094,166,3.41446208226637,16981924,35.64,-2.98,0.075,179101.61
"Qatar",1985,365940,5.81,26.1,4.64,32,91.4,334343,168,-2.12017026614552,15451641,41.64,-5.49,0.077,180653.12
"Qatar",1980,275913,7.4,22.5,5.33,24,72.5,199973,172,-1.01642177991292,14564916,65.09,-17.23,0.074,193422.83
"Qatar",1975,193087,10.66,20,5.86,17,75.7,146177,177,5.87913245017724,19917885,121.15,-4.31,0.11,121413.695
"Qatar",1970,116350,12.68,22.8,6.23,10,83.2,96760,182,3.41446208226637,14701024,134.24,0,0.093,99043.47
"Armenia",2023,2943393,2.17,35.8,1.71,103,63.6,1873397,140,8.29999999959539,7498703,2.55,-3.54,0.019,16027.844
"Armenia",2022,2880874,2.17,35.8,1.72,101,64.9,1869102,140,12.5999999997766,7774189,2.64,4.16,0.02,17722.293
"Armenia",2020,2890892,2.17,35.1,1.62,102,64.4,1860554,138,-7.19999999920631,6914528,2.35,7.62,0.019,15475.302
"Armenia",2015,2921177,2.17,32.7,1.62,103,63,1840151,138,3.19999999896625,5617186,1.93,-2.49,0.015,12623.133
"Armenia",2010,2931078,2.17,31.3,1.59,103,62.3,1825365,137,2.2000000002151,4299134,1.49,-4.51,0.013,11824.311
"Armenia",2005,3006351,2.17,30,1.49,106,63.4,1906167,135,13.8999999991133,4462722,1.5,18.71,0.015,11044.274
"Armenia",2000,3125628,2.17,28.6,1.47,110,63.5,1984990,133,5.90000000312092,3569689,1.16,14.99,0.014,8587.992
"Armenia",1995,3307581,2.17,26.9,2.07,116,64.3,2125290,128,6.89999841973659,3541233,1.1,26.1,0.015,10491.935
"Bahrain",2023,1569666,2.36,32.9,1.82,2065,85.6,542790.5,153,3.87811614845566,38688963,21.4,-0.36,0.099,164932.52
"Bahrain",2022,1533459,1.68,31.7,1.84,2018,85.6,542790.5,153,6.18016125475185,38830683,21.8,3.94,0.1,161782.95
"Bahrain",2020,1483077,1.6,31,1.86,1951,85.6,542790.5,153,-5.9113629524152,36840157,21.7,-0.02,0.1,152081.19
"Bahrain",2015,1369650,2.45,30,2.11,1802,89.1,1220943,154,2.50787205267615,33469091,24.4,0.54,0.092,148644.03
"Bahrain",2010,1213244,5.4,29,1.99,1596,90.7,1099822,155,4.3342989754845,28835274,23.24,4.27,0.085,141961.7
"Bahrain",2005,932604,6.85,26.3,2.67,1227,84.3,786221,158,6.76899737789502,23370177,26.28,17.32,0.078,160842.31
"Bahrain",2000,669581,2.45,25.6,2.8,881,87.7,587336,162,5.30006940305884,17771461,26.74,2.57,0.069,167083.14
"Bahrain",1995,593222,2.88,24.3,3.13,781,84,498245,162,3.92999239295094,15243203,27.04,1.62,0.064,140103.28
"Bahrain",1990,514797,3.65,23.7,3.82,677,84.9,437115,163,4.43799717642609,11996953,24.19,5.05,0.053,145869.83
"Bahrain",1985,430358,3.69,22.1,4.28,566,84.9,365554,162,-4.75826853805708,9647904,23,3.89,0.048,138919.61
"Bahrain",1980,358978,4.85,20.9,4.76,472,86.3,309868,164,2.58027926574829,7785047,21.63,1.33,0.039,111908.305
"Cyprus",2024,1358282,0.99,38.2,1.38,147,61.2,831571,157,3.94077381708404,7341094,5.92,1.91,0.019,24551.195
"Cyprus",2023,1344976,1.02,37.8,1.39,146,61.4,825235,157,3.61945644636856,7203220,5.85,-0.28,0.018,23877.7
"Cyprus",2022,1331370,1.11,37.3,1.39,144,61.5,819014,157,8.27372597293814,7223114,5.9,4.39,0.019,23790.744
"Cyprus",2020,1302247,1.32,36.5,1.36,141,62,806754,157,-3.22063018637567,6802428,5.63,-5.74,0.019,21717.27
"Cyprus",2015,1219502,1.58,34.6,1.32,132,63.7,777234,157,3.41892038889013,6856190,5.91,0.57,0.019,23931.43
"Cyprus",2010,1127816,1.71,32.9,1.43,122,66.6,751576,157,2.28267100119788,7914145,7.11,-4.5,0.023,30196.178
"Cyprus",2005,1036151,1.8,31.6,1.48,112,67.7,701562,155,4.85298762175586,7905965,7.69,1.5,0.026,33771.734
"Cyprus",2000,947667,1.9,30.6,1.64,103,68.3,647550,155,5.96530445494226,7132922,7.56,3.71,0.028,31932.213
"Cyprus",1995,862695,1.82,29.6,2.03,93,67.5,581986,156,8.36246885710111,5861011,6.85,-2.17,0.025,29246.24
"Cyprus",1990,788351,1.51,28.8,2.4,85,64.9,511911,155,7.40399951139527,4639163,6.05,6.61,0.02,24449.057
"Cyprus",1985,731277,1.37,27.8,2.43,79,62.2,455131,155,4.8825407627786,3147007,4.47,-1.76,0.016,18549.932
"Cyprus",1980,683076,0.71,26.6,2.3,74,58.8,401746,155,5.75324469989047,3270495,4.77,5.53,0.017,15047.482
"Cyprus",1975,659405,0.37,24.5,2.11,71,46.6,307187,152,4.86776419226723,2164170,3.33,1.95,0.012,12936.193
"Cyprus",1970,647446,0.94,23.6,3.06,70,38.6,250120,150,4.86776419226723,2168128,3.53,0,0.014,12363.76
"Bhutan",2023,786385,0.7,29.4,1.46,21,48.6,382078,166,4.63215704523927,1560736,1.81,2.87,0.004,18780.541
"Bhutan",2022,780914,0.71,28.8,1.48,20,47.7,372601,166,5.21386783786224,1517180,1.78,-1.77,0.0039,20151.467
"Bhutan",2020,770006,0.78,27.6,1.5,20,45.9,353445,165,-10.2183974208569,1413117,1.69,-21.77,0.0039,11798.361
"Bhutan",2015,740618,1.09,24.9,1.83,19,41.1,304542,164,6.66080128866197,1309597,1.66,15.97,0.0036,6218.035
"Bhutan",2010,701632,1.17,23,2.25,18,36.1,253171,164,11.9318738376229,905015,1.24,12.97,0.0027,5194.307
"Bhutan",2005,661865,2.09,21.1,2.73,17,30.7,203329,164,6.93507146766659,542943,0.83,8.38,0.0018,3502.8477
"Bhutan",2000,596863,1.72,19,3.38,16,24.4,145753,165,3.35506838174288,405354,0.71,1.2,0.0016,2358.4924
"Bhutan",1995,547989,1.445,17.8,4.62,14,19.3,105741,164,7.07411745757784,320799,0.62,24.51,0.0014,1738.5422
"Bhutan",1990,589287,3,17.5,5.6,15,14.9,88052,161,10.3831179126517,180688,0.34,33.57,8e-04,973.5356
"Bhutan",1985,508392,3.24,17.5,6.18,13,11.9,60459,161,4.0285329991183,82356,0.18,6.34,0.00041,289.80206
"Bhutan",1980,433404,3.45,17.8,6.51,11,9.6,41458,161,5.0087361630323,51813,0.13,0.97,0.00026,231.2733118
"Macao",2023,713912,1.36,38.3,0.66,23797,95.5,681876,167,25.2890143586077,1680470,2.46,0.11,0.0043,18944.184
"Macao",2022,704356,1.55,37.8,0.66,23479,95.4,671858,167,-18.956941494497,1678547,2.5,-18.01,0.0044,17662.996
"Macao",2020,683067,1.88,37,0.86,22769,95.4,651875,167,-21.4258671472659,2232926,3.43,-0.64,0.0062,18908.174
"Macao",2015,622179,2.03,36,1.14,20739,96.6,600942,168,-21.4258671472659,2758990,4.59,32.06,0.0076,20828.768
"Macao",2010,562806,2.58,35.3,1.05,18760,95.4,536969,167,25.1031075246958,1720192,3.2,1.57,0.0051,19226.94
"Macao",2005,495411,2.53,33,0.86,16514,97.4,482559,168,8.07794929953978,2047442,4.24,0.62,0.0068,20307.605
"Macao",2000,437309,1.87,31.5,0.93,14577,97.9,427979,170,5.74714593475937,1459248,3.41,-15.1,0.0057,15780.08
"Macao",1995,398693,2.57,29.6,1.37,13290,96.7,385339,172,3.29612425723712,1201323,3.11,-9.26,0.0051,13864.266
"Macao",1990,351123,3.81,27.4,1.71,11704,97.7,343119,173,7.97943699762126,943722,2.74,8.39,0.0042,12730.14
"Macao",1985,291277,3.43,25.8,2.23,9709,96.8,281813,173,0.732261858094873,569412,2.01,-9.41,0.0028,9026.548
"Macao",1980,246097,1.9,23.4,1.73,8203,95.3,234592,174,4.52163509599824,469423,1.97,7.63,0.0024,8211.828
"Maldives",2023,525994,0.36,31.1,1.57,1753,38.2,200834,173,4.94286301229583,1794195,3.75,0.26,0.0046,14912.831
"Maldives",2022,524106,2.17,30.3,1.58,1747,37.4,196187,173,13.8260895184139,1789458,3.79,6.47,0.0046,14143.395
"Maldives",2020,502118,3.24,29.1,1.61,1674,37.2,186634,174,-21.4258671472659,1208005,2.63,-20.28,0.0033,10117.3125
"Maldives",2015,428154,3.48,26.6,2,1427,37.7,161207,174,3.86813536494475,1588393,3.8,-27.57,0.0044,15375.3955
"Maldives",2010,360792,3.32,23.4,2.35,1203,36.8,132805,178,6.7854678229144,1053729,2.89,7.07,0.0031,12540.963
"Maldives",2005,306429,1.67,20.4,2.2,1021,35.1,107606,178,-11.1773097061784,684788,2.15,-7.32,0.0023,9640.38
"Maldives",2000,282019,1.9,17.7,2.69,940,27.5,77683,177,3.84581040832157,627786,2.24,83.13,0.0024,10147.516
"Maldives",1995,256649,2.69,15.8,4.29,855,25.4,65143,179,12.9857843069314,335036,1.32,22.93,0.0014,5303.287
"Maldives",1990,224762,3.4,15.4,6.13,749,25.7,57679,179,16.9522974545621,94561,0.42,25.35,0.00042,1877.1293
"Maldives",1985,190169,2.9,15.9,6.94,634,25.4,48340,179,15.4160435875059,56401,0.3,10.27,0.00028,1298.2433
"Maldives",1980,164835,2.86,15.8,7.23,549,21.4,35241,179,18.5728576106625,15515,0.1,7.6,7.8e-05,375.47458
"Brunei",2023,458949,0.79,31.8,1.75,87,79.2,363647,175,1.12764418162719,9703569,21.09,1.75,0.025,118211.914
"Brunei",2022,455370,0.89,31.3,1.76,86,78.7,358463,175,-1.62833154515108,9537127,21.01,-4.5,0.025,117670.914
"Brunei",2020,447404,1.17,30.3,1.8,85,77.7,347838,175,1.1335733495246,10127928,22.78,33.2,0.028,130865.55
"Brunei",2015,422212,1.48,28.5,1.95,80,75.8,320102,175,-0.392383749502031,7365327,17.64,-9.15,0.02,115953.25
"Brunei",2010,392332,1.8,27,1.94,74,74.3,291344,176,2.74136439456163,7379522,18.99,-8,0.022,108127.87
"Brunei",2005,358916,1.92,26.5,2.02,68,74.4,267160,175,-0.00392531660746442,6009237,16.46,-4.15,0.02,94131.76
"Brunei",2000,326424,2.31,24.8,2.4,62,72.6,237146,175,3.47467627672586,6074849,18.23,1.11,0.024,60239.23
"Brunei",1995,291195,2.67,23.4,2.79,55,70.1,204005,176,1.34729376385607,5813880,19.56,5.82,0.025,62311.766
"Brunei",1990,255292,3.12,22.2,3.29,48,67.3,171931,177,2.64307356617202,4300117,16.62,7.64,0.019,80499.37
"Brunei",1985,218919,3.3,20.7,3.61,42,67.4,147498,178,-2.9072440789929,3848804,17.14,-1.41,0.019,103014.47
"Brunei",1980,186111,3.32,19,4.07,35,67.7,125968,178,-9.70796015870228,3954195,20.39,24.99,0.02,129630.03
